{ "compressionlevel":-1,
 "editorsettings":
    {
     "export":
        {
         "format":"json",
         "target":"..\/..\/..\/V0.1\/assets\/Tiled\/gym.json"
        }
    },
 "height":40,
 "infinite":false,
 "layers":[
        {
         "draworder":"topdown",
         "id":12,
         "name":"Barriere",
         "objects":[
                {
                 "gid":28,
                 "height":200,
                 "id":217,
                 "name":"",
                 "properties":[
                        {
                         "name":"color",
                         "type":"string",
                         "value":"White"
                        }],
                 "rotation":0,
                 "type":"",
                 "visible":true,
                 "width":200,
                 "x":3912,
                 "y":4928
                }, 
                {
                 "gid":28,
                 "height":200,
                 "id":220,
                 "name":"",
                 "properties":[
                        {
                         "name":"color",
                         "type":"string",
                         "value":"White"
                        }],
                 "rotation":0,
                 "type":"",
                 "visible":true,
                 "width":200,
                 "x":3912,
                 "y":4596
                }, 
                {
                 "gid":48,
                 "height":200,
                 "id":241,
                 "name":"",
                 "properties":[
                        {
                         "name":"color",
                         "type":"string",
                         "value":"White"
                        }, 
                        {
                         "name":"rotation",
                         "type":"int",
                         "value":-90
                        }],
                 "rotation":0,
                 "type":"",
                 "visible":true,
                 "width":200,
                 "x":1600,
                 "y":3200
                }, 
                {
                 "gid":48,
                 "height":200,
                 "id":242,
                 "name":"",
                 "properties":[
                        {
                         "name":"color",
                         "type":"string",
                         "value":"White"
                        }, 
                        {
                         "name":"rotation",
                         "type":"int",
                         "value":-90
                        }],
                 "rotation":0,
                 "type":"",
                 "visible":true,
                 "width":200,
                 "x":3000,
                 "y":5000
                }],
         "opacity":1,
         "type":"objectgroup",
         "visible":true,
         "x":0,
         "y":0
        }, 
        {
         "draworder":"topdown",
         "id":4,
         "name":"Triangle",
         "objects":[
                {
                 "gid":27,
                 "height":200,
                 "id":213,
                 "name":"",
                 "properties":[
                        {
                         "name":"color",
                         "type":"string",
                         "value":"White"
                        }],
                 "rotation":0,
                 "type":"",
                 "visible":true,
                 "width":200,
                 "x":2112,
                 "y":5928
                }, 
                {
                 "gid":32,
                 "height":200,
                 "id":214,
                 "name":"",
                 "properties":[
                        {
                         "name":"color",
                         "type":"string",
                         "value":"Black"
                        }],
                 "rotation":0,
                 "type":"",
                 "visible":true,
                 "width":200,
                 "x":2512,
                 "y":4328
                }],
         "opacity":1,
         "type":"objectgroup",
         "visible":true,
         "x":0,
         "y":0
        }, 
        {
         "draworder":"topdown",
         "id":11,
         "name":"Rebond",
         "objects":[
                {
                 "gid":30,
                 "height":200,
                 "id":209,
                 "name":"",
                 "properties":[
                        {
                         "name":"color",
                         "type":"string",
                         "value":"White"
                        }],
                 "rotation":0,
                 "type":"",
                 "visible":true,
                 "width":200,
                 "x":2200,
                 "y":3200
                }],
         "opacity":1,
         "type":"objectgroup",
         "visible":true,
         "x":0,
         "y":0
        }, 
        {
         "draworder":"topdown",
         "id":3,
         "name":"Octogone",
         "objects":[
                {
                 "gid":26,
                 "height":200,
                 "id":203,
                 "name":"",
                 "properties":[
                        {
                         "name":"color",
                         "type":"string",
                         "value":"White"
                        }, 
                        {
                         "name":"orientation",
                         "type":"int",
                         "value":2
                        }, 
                        {
                         "name":"spawnCamera",
                         "type":"bool",
                         "value":true
                        }],
                 "rotation":0,
                 "type":"",
                 "visible":true,
                 "width":200,
                 "x":1600,
                 "y":3600
                }, 
                {
                 "gid":26,
                 "height":200,
                 "id":204,
                 "name":"",
                 "properties":[
                        {
                         "name":"color",
                         "type":"string",
                         "value":"White"
                        }, 
                        {
                         "name":"orientation",
                         "type":"int",
                         "value":3
                        }, 
                        {
                         "name":"scroll",
                         "type":"int",
                         "value":1
                        }, 
                        {
                         "name":"trans",
                         "type":"bool",
                         "value":true
                        }],
                 "rotation":0,
                 "type":"",
                 "visible":true,
                 "width":200,
                 "x":1800,
                 "y":2800
                }, 
                {
                 "gid":31,
                 "height":200,
                 "id":205,
                 "name":"",
                 "properties":[
                        {
                         "name":"color",
                         "type":"string",
                         "value":"Black"
                        }],
                 "rotation":0,
                 "type":"",
                 "visible":true,
                 "width":200,
                 "x":3112,
                 "y":4328
                }, 
                {
                 "gid":31,
                 "height":200,
                 "id":206,
                 "name":"",
                 "properties":[
                        {
                         "name":"color",
                         "type":"string",
                         "value":"Black"
                        }, 
                        {
                         "name":"orientation",
                         "type":"int",
                         "value":3
                        }, 
                        {
                         "name":"scroll",
                         "type":"int",
                         "value":1
                        }, 
                        {
                         "name":"trans",
                         "type":"bool",
                         "value":true
                        }],
                 "rotation":0,
                 "type":"",
                 "visible":true,
                 "width":200,
                 "x":3512,
                 "y":3728
                }, 
                {
                 "gid":31,
                 "height":200,
                 "id":207,
                 "name":"",
                 "properties":[
                        {
                         "name":"color",
                         "type":"string",
                         "value":"Black"
                        }, 
                        {
                         "name":"orientation",
                         "type":"int",
                         "value":0
                        }, 
                        {
                         "name":"scroll",
                         "type":"int",
                         "value":2
                        }, 
                        {
                         "name":"trans",
                         "type":"bool",
                         "value":true
                        }],
                 "rotation":0,
                 "type":"",
                 "visible":true,
                 "width":200,
                 "x":4912,
                 "y":4328
                }, 
                {
                 "gid":26,
                 "height":200,
                 "id":208,
                 "name":"",
                 "properties":[
                        {
                         "name":"color",
                         "type":"string",
                         "value":"White"
                        }],
                 "rotation":0,
                 "type":"",
                 "visible":true,
                 "width":200,
                 "x":4112,
                 "y":4328
                }, 
                {
                 "gid":26,
                 "height":200,
                 "id":210,
                 "name":"",
                 "properties":[
                        {
                         "name":"color",
                         "type":"string",
                         "value":"White"
                        }],
                 "rotation":0,
                 "type":"",
                 "visible":true,
                 "width":200,
                 "x":4800,
                 "y":2400
                }, 
                {
                 "gid":31,
                 "height":200,
                 "id":211,
                 "name":"",
                 "properties":[
                        {
                         "name":"color",
                         "type":"string",
                         "value":"Black"
                        }],
                 "rotation":0,
                 "type":"",
                 "visible":true,
                 "width":200,
                 "x":4200,
                 "y":3400
                }, 
                {
                 "gid":31,
                 "height":200,
                 "id":218,
                 "name":"",
                 "properties":[
                        {
                         "name":"color",
                         "type":"string",
                         "value":"Black"
                        }],
                 "rotation":0,
                 "type":"",
                 "visible":true,
                 "width":200,
                 "x":1000,
                 "y":3600
                }],
         "opacity":1,
         "type":"objectgroup",
         "visible":true,
         "x":0,
         "y":0
        }, 
        {
         "draworder":"topdown",
         "id":16,
         "name":"End",
         "objects":[
                {
                 "gid":38,
                 "height":200,
                 "id":240,
                 "name":"",
                 "properties":[
                        {
                         "name":"color",
                         "type":"string",
                         "value":"White"
                        }, 
                        {
                         "name":"end",
                         "type":"bool",
                         "value":true
                        }],
                 "rotation":0,
                 "type":"",
                 "visible":true,
                 "width":200,
                 "x":1000,
                 "y":2800
                }],
         "opacity":1,
         "type":"objectgroup",
         "visible":true,
         "x":0,
         "y":0
        }, 
        {
         "draworder":"topdown",
         "id":13,
         "name":"Pentagone",
         "objects":[
                {
                 "gid":29,
                 "height":200,
                 "id":224,
                 "name":"",
                 "properties":[
                        {
                         "name":"color",
                         "type":"string",
                         "value":"White"
                        }, 
                        {
                         "name":"rotation",
                         "type":"int",
                         "value":0
                        }],
                 "rotation":0,
                 "type":"",
                 "visible":true,
                 "width":200,
                 "x":3112,
                 "y":5928
                }, 
                {
                 "gid":29,
                 "height":200,
                 "id":225,
                 "name":"",
                 "properties":[
                        {
                         "name":"color",
                         "type":"string",
                         "value":"White"
                        }, 
                        {
                         "name":"rotation",
                         "type":"int",
                         "value":315
                        }],
                 "rotation":0,
                 "type":"",
                 "visible":true,
                 "width":200,
                 "x":3512,
                 "y":5728
                }, 
                {
                 "gid":29,
                 "height":200,
                 "id":226,
                 "name":"",
                 "properties":[
                        {
                         "name":"color",
                         "type":"string",
                         "value":"White"
                        }, 
                        {
                         "name":"rotation",
                         "type":"int",
                         "value":270
                        }],
                 "rotation":0,
                 "type":"",
                 "visible":true,
                 "width":200,
                 "x":3712,
                 "y":5328
                }, 
                {
                 "gid":29,
                 "height":200,
                 "id":227,
                 "name":"",
                 "properties":[
                        {
                         "name":"color",
                         "type":"string",
                         "value":"White"
                        }, 
                        {
                         "name":"rotation",
                         "type":"int",
                         "value":225
                        }],
                 "rotation":0,
                 "type":"",
                 "visible":true,
                 "width":200,
                 "x":3512,
                 "y":4928
                }, 
                {
                 "gid":29,
                 "height":200,
                 "id":228,
                 "name":"",
                 "properties":[
                        {
                         "name":"color",
                         "type":"string",
                         "value":"White"
                        }, 
                        {
                         "name":"rotation",
                         "type":"int",
                         "value":180
                        }],
                 "rotation":0,
                 "type":"",
                 "visible":true,
                 "width":200,
                 "x":3116,
                 "y":4716
                }, 
                {
                 "gid":29,
                 "height":200,
                 "id":229,
                 "name":"",
                 "properties":[
                        {
                         "name":"color",
                         "type":"string",
                         "value":"White"
                        }, 
                        {
                         "name":"rotation",
                         "type":"int",
                         "value":135
                        }],
                 "rotation":0,
                 "type":"",
                 "visible":true,
                 "width":200,
                 "x":2712,
                 "y":4928
                }, 
                {
                 "gid":29,
                 "height":200,
                 "id":230,
                 "name":"",
                 "properties":[
                        {
                         "name":"color",
                         "type":"string",
                         "value":"White"
                        }, 
                        {
                         "name":"rotation",
                         "type":"int",
                         "value":90
                        }],
                 "rotation":0,
                 "type":"",
                 "visible":true,
                 "width":200,
                 "x":2512,
                 "y":5328
                }, 
                {
                 "gid":29,
                 "height":200,
                 "id":231,
                 "name":"",
                 "properties":[
                        {
                         "name":"color",
                         "type":"string",
                         "value":"White"
                        }, 
                        {
                         "name":"rotation",
                         "type":"int",
                         "value":45
                        }],
                 "rotation":0,
                 "type":"",
                 "visible":true,
                 "width":200,
                 "x":2712,
                 "y":5728
                }],
         "opacity":1,
         "type":"objectgroup",
         "visible":true,
         "x":0,
         "y":0
        }, 
        {
         "draworder":"topdown",
         "id":15,
         "name":"fleches",
         "objects":[
                {
                 "gid":36,
                 "height":200,
                 "id":232,
                 "name":"",
                 "rotation":180,
                 "type":"",
                 "visible":true,
                 "width":200,
                 "x":3312,
                 "y":4536
                }, 
                {
                 "gid":36,
                 "height":200,
                 "id":233,
                 "name":"",
                 "rotation":90,
                 "type":"",
                 "visible":true,
                 "width":200,
                 "x":2532,
                 "y":5128
                }, 
                {
                 "gid":36,
                 "height":200,
                 "id":234,
                 "name":"",
                 "rotation":0,
                 "type":"",
                 "visible":true,
                 "width":200,
                 "x":3112,
                 "y":5928
                }, 
                {
                 "gid":36,
                 "height":200,
                 "id":235,
                 "name":"",
                 "rotation":-90,
                 "type":"",
                 "visible":true,
                 "width":200,
                 "x":3912,
                 "y":5336
                }, 
                {
                 "gid":41,
                 "height":200,
                 "id":236,
                 "name":"",
                 "rotation":0,
                 "type":"",
                 "visible":true,
                 "width":200,
                 "x":2724,
                 "y":5732
                }, 
                {
                 "gid":41,
                 "height":200,
                 "id":237,
                 "name":"",
                 "rotation":90,
                 "type":"",
                 "visible":true,
                 "width":200,
                 "x":2708,
                 "y":4732
                }, 
                {
                 "gid":41,
                 "height":200,
                 "id":238,
                 "name":"",
                 "rotation":180,
                 "type":"",
                 "visible":true,
                 "width":200,
                 "x":3716,
                 "y":4732
                }, 
                {
                 "gid":41,
                 "height":200,
                 "id":239,
                 "name":"",
                 "rotation":-90,
                 "type":"",
                 "visible":true,
                 "width":200,
                 "x":3724,
                 "y":5736
                }],
         "opacity":1,
         "type":"objectgroup",
         "visible":true,
         "x":0,
         "y":0
        }],
 "nextlayerid":17,
 "nextobjectid":243,
 "orientation":"orthogonal",
 "renderorder":"right-down",
 "tiledversion":"1.4.2",
 "tileheight":200,
 "tilesets":[
        {
         "columns":5,
         "firstgid":1,
         "image":"..\/..\/..\/V0.1\/assets\/Tiled\/tileSet.png",
         "imageheight":1000,
         "imagewidth":1000,
         "margin":0,
         "name":"tileSet",
         "spacing":0,
         "tilecount":25,
         "tileheight":200,
         "tilewidth":200
        }, 
        {
         "columns":5,
         "firstgid":26,
         "image":"tileSet.png",
         "imageheight":1000,
         "imagewidth":1000,
         "margin":0,
         "name":"tileSet",
         "spacing":0,
         "tilecount":25,
         "tileheight":200,
         "tilewidth":200
        }],
 "tilewidth":200,
 "type":"map",
 "version":1.4,
 "width":40
}