{ "compressionlevel":-1,
 "editorsettings":
    {
     "export":
        {
         "format":"json"
        }
    },
 "height":40,
 "infinite":false,
 "layers":[
        {
         "draworder":"topdown",
         "id":2,
         "name":"fleches",
         "objects":[],
         "opacity":1,
         "type":"objectgroup",
         "visible":true,
         "x":0,
         "y":0
        }, 
        {
         "draworder":"topdown",
         "id":3,
         "name":"Octogone",
         "objects":[
                {
                 "gid":4,
                 "height":200,
                 "id":1,
                 "name":"",
                 "properties":[
                        {
                         "name":"color",
                         "type":"string",
                         "value":"White"
                        }, 
                        {
                         "name":"orientation",
                         "type":"int",
                         "value":2
                        }, 
                        {
                         "name":"spawnCamera",
                         "type":"bool",
                         "value":true
                        }],
                 "rotation":0,
                 "type":"",
                 "visible":true,
                 "width":200,
                 "x":2800,
                 "y":7400
                }, 
                {
                 "gid":1,
                 "height":200,
                 "id":42,
                 "name":"",
                 "properties":[
                        {
                         "name":"color",
                         "type":"string",
                         "value":"White"
                        }, 
                        {
                         "name":"idCamera",
                         "type":"int",
                         "value":2
                        }],
                 "rotation":0,
                 "type":"",
                 "visible":true,
                 "width":200,
                 "x":2000,
                 "y":3800
                }, 
                {
                 "gid":1,
                 "height":200,
                 "id":43,
                 "name":"",
                 "properties":[
                        {
                         "name":"color",
                         "type":"string",
                         "value":"White"
                        }, 
                        {
                         "name":"idCamera",
                         "type":"int",
                         "value":2
                        }],
                 "rotation":0,
                 "type":"",
                 "visible":true,
                 "width":200,
                 "x":2800,
                 "y":3800
                }, 
                {
                 "gid":1,
                 "height":200,
                 "id":44,
                 "name":"",
                 "properties":[
                        {
                         "name":"color",
                         "type":"string",
                         "value":"White"
                        }, 
                        {
                         "name":"idCamera",
                         "type":"int",
                         "value":2
                        }],
                 "rotation":0,
                 "type":"",
                 "visible":true,
                 "width":200,
                 "x":3600,
                 "y":3800
                }, 
                {
                 "gid":6,
                 "height":200,
                 "id":46,
                 "name":"",
                 "properties":[
                        {
                         "name":"color",
                         "type":"string",
                         "value":"Black"
                        }],
                 "rotation":0,
                 "type":"",
                 "visible":true,
                 "width":200,
                 "x":2000,
                 "y":5800
                }, 
                {
                 "gid":6,
                 "height":200,
                 "id":47,
                 "name":"",
                 "properties":[
                        {
                         "name":"color",
                         "type":"string",
                         "value":"Black"
                        }],
                 "rotation":0,
                 "type":"",
                 "visible":true,
                 "width":200,
                 "x":1400,
                 "y":5200
                }, 
                {
                 "gid":6,
                 "height":200,
                 "id":48,
                 "name":"",
                 "properties":[
                        {
                         "name":"color",
                         "type":"string",
                         "value":"Black"
                        }, 
                        {
                         "name":"orientation",
                         "type":"int",
                         "value":3
                        }, 
                        {
                         "name":"scroll",
                         "type":"int",
                         "value":1
                        }, 
                        {
                         "name":"trans",
                         "type":"bool",
                         "value":true
                        }],
                 "rotation":0,
                 "type":"",
                 "visible":true,
                 "width":200,
                 "x":1400,
                 "y":4400
                }, 
                {
                 "gid":6,
                 "height":200,
                 "id":49,
                 "name":"",
                 "properties":[
                        {
                         "name":"color",
                         "type":"string",
                         "value":"Black"
                        }, 
                        {
                         "name":"orientation",
                         "type":"int",
                         "value":3
                        }, 
                        {
                         "name":"scroll",
                         "type":"int",
                         "value":1
                        }, 
                        {
                         "name":"trans",
                         "type":"bool",
                         "value":true
                        }],
                 "rotation":0,
                 "type":"",
                 "visible":true,
                 "width":200,
                 "x":2800,
                 "y":4800
                }, 
                {
                 "gid":6,
                 "height":200,
                 "id":50,
                 "name":"",
                 "properties":[
                        {
                         "name":"color",
                         "type":"string",
                         "value":"Black"
                        }, 
                        {
                         "name":"idCamera",
                         "type":"int",
                         "value":1
                        }],
                 "rotation":0,
                 "type":"",
                 "visible":true,
                 "width":200,
                 "x":2800,
                 "y":5800
                }, 
                {
                 "gid":6,
                 "height":200,
                 "id":51,
                 "name":"",
                 "properties":[
                        {
                         "name":"color",
                         "type":"string",
                         "value":"Black"
                        }],
                 "rotation":0,
                 "type":"",
                 "visible":true,
                 "width":200,
                 "x":3600,
                 "y":5800
                }, 
                {
                 "gid":6,
                 "height":200,
                 "id":52,
                 "name":"",
                 "properties":[
                        {
                         "name":"color",
                         "type":"string",
                         "value":"Black"
                        }],
                 "rotation":0,
                 "type":"",
                 "visible":true,
                 "width":200,
                 "x":4200,
                 "y":5200
                }, 
                {
                 "gid":6,
                 "height":200,
                 "id":53,
                 "name":"",
                 "properties":[
                        {
                         "name":"color",
                         "type":"string",
                         "value":"Black"
                        }, 
                        {
                         "name":"orientation",
                         "type":"int",
                         "value":3
                        }, 
                        {
                         "name":"scroll",
                         "type":"int",
                         "value":1
                        }, 
                        {
                         "name":"trans",
                         "type":"bool",
                         "value":true
                        }],
                 "rotation":0,
                 "type":"",
                 "visible":true,
                 "width":200,
                 "x":4200,
                 "y":4400
                }],
         "opacity":1,
         "type":"objectgroup",
         "visible":true,
         "x":0,
         "y":0
        }, 
        {
         "draworder":"topdown",
         "id":4,
         "name":"Barriere",
         "objects":[
                {
                 "gid":8,
                 "height":200,
                 "id":25,
                 "name":"",
                 "properties":[
                        {
                         "name":"color",
                         "type":"string",
                         "value":"Black"
                        }, 
                        {
                         "name":"id",
                         "type":"int",
                         "value":1
                        }, 
                        {
                         "name":"rotation",
                         "type":"int",
                         "value":0
                        }],
                 "rotation":0,
                 "type":"",
                 "visible":true,
                 "width":200,
                 "x":2272.72727272727,
                 "y":5221.21212121212
                }, 
                {
                 "gid":8,
                 "height":200,
                 "id":26,
                 "name":"",
                 "properties":[
                        {
                         "name":"color",
                         "type":"string",
                         "value":"Black"
                        }, 
                        {
                         "name":"id",
                         "type":"int",
                         "value":1
                        }],
                 "rotation":0,
                 "type":"",
                 "visible":true,
                 "width":200,
                 "x":2272.72727272727,
                 "y":5021.21212121212
                }, 
                {
                 "gid":8,
                 "height":200,
                 "id":27,
                 "name":"",
                 "properties":[
                        {
                         "name":"color",
                         "type":"string",
                         "value":"Black"
                        }, 
                        {
                         "name":"id",
                         "type":"int",
                         "value":1
                        }],
                 "rotation":0,
                 "type":"",
                 "visible":true,
                 "width":200,
                 "x":2272.72727272727,
                 "y":4821.21212121212
                }, 
                {
                 "gid":8,
                 "height":200,
                 "id":28,
                 "name":"",
                 "properties":[
                        {
                         "name":"color",
                         "type":"string",
                         "value":"Black"
                        }, 
                        {
                         "name":"id",
                         "type":"int",
                         "value":1
                        }],
                 "rotation":0,
                 "type":"",
                 "visible":true,
                 "width":200,
                 "x":2272.72727272727,
                 "y":4621.21212121212
                }, 
                {
                 "gid":8,
                 "height":200,
                 "id":29,
                 "name":"",
                 "properties":[
                        {
                         "name":"color",
                         "type":"string",
                         "value":"Black"
                        }, 
                        {
                         "name":"id",
                         "type":"int",
                         "value":1
                        }],
                 "rotation":0,
                 "type":"",
                 "visible":true,
                 "width":200,
                 "x":2272.72727272727,
                 "y":4472.21212121212
                }, 
                {
                 "gid":8,
                 "height":200,
                 "id":30,
                 "name":"",
                 "properties":[
                        {
                         "name":"color",
                         "type":"string",
                         "value":"Black"
                        }, 
                        {
                         "name":"id",
                         "type":"int",
                         "value":2
                        }],
                 "rotation":0,
                 "type":"",
                 "visible":true,
                 "width":200,
                 "x":3333.33333333333,
                 "y":5218.18181818182
                }, 
                {
                 "gid":8,
                 "height":200,
                 "id":31,
                 "name":"",
                 "properties":[
                        {
                         "name":"color",
                         "type":"string",
                         "value":"Black"
                        }, 
                        {
                         "name":"id",
                         "type":"int",
                         "value":2
                        }],
                 "rotation":0,
                 "type":"",
                 "visible":true,
                 "width":200,
                 "x":3333.33333333333,
                 "y":4818.18181818182
                }, 
                {
                 "gid":8,
                 "height":200,
                 "id":32,
                 "name":"",
                 "properties":[
                        {
                         "name":"color",
                         "type":"string",
                         "value":"Black"
                        }, 
                        {
                         "name":"id",
                         "type":"int",
                         "value":2
                        }],
                 "rotation":0,
                 "type":"",
                 "visible":true,
                 "width":200,
                 "x":3333.33333333333,
                 "y":5018.18181818182
                }, 
                {
                 "gid":8,
                 "height":200,
                 "id":33,
                 "name":"",
                 "properties":[
                        {
                         "name":"color",
                         "type":"string",
                         "value":"Black"
                        }, 
                        {
                         "name":"id",
                         "type":"int",
                         "value":2
                        }],
                 "rotation":0,
                 "type":"",
                 "visible":true,
                 "width":200,
                 "x":3333.33333333333,
                 "y":4618.18181818182
                }, 
                {
                 "gid":8,
                 "height":200,
                 "id":34,
                 "name":"",
                 "properties":[
                        {
                         "name":"color",
                         "type":"string",
                         "value":"Black"
                        }, 
                        {
                         "name":"id",
                         "type":"int",
                         "value":2
                        }],
                 "rotation":0,
                 "type":"",
                 "visible":true,
                 "width":200,
                 "x":3333.33333333333,
                 "y":4469.18181818182
                }, 
                {
                 "gid":3,
                 "height":200,
                 "id":56,
                 "name":"",
                 "properties":[
                        {
                         "name":"color",
                         "type":"string",
                         "value":"White"
                        }, 
                        {
                         "name":"id",
                         "type":"int",
                         "value":0
                        }, 
                        {
                         "name":"rotation",
                         "type":"int",
                         "value":90
                        }],
                 "rotation":0,
                 "type":"",
                 "visible":true,
                 "width":200,
                 "x":2800,
                 "y":6400
                }],
         "opacity":1,
         "type":"objectgroup",
         "visible":true,
         "x":0,
         "y":0
        }, 
        {
         "draworder":"topdown",
         "id":5,
         "name":"Rebond",
         "objects":[],
         "opacity":1,
         "type":"objectgroup",
         "visible":true,
         "x":0,
         "y":0
        }, 
        {
         "draworder":"topdown",
         "id":6,
         "name":"Pentagone",
         "objects":[],
         "opacity":1,
         "type":"objectgroup",
         "visible":true,
         "x":0,
         "y":0
        }, 
        {
         "draworder":"topdown",
         "id":8,
         "name":"Triangle",
         "objects":[],
         "opacity":1,
         "type":"objectgroup",
         "visible":true,
         "x":0,
         "y":0
        }, 
        {
         "draworder":"topdown",
         "id":7,
         "name":"End",
         "objects":[
                {
                 "gid":14,
                 "height":200,
                 "id":45,
                 "name":"",
                 "properties":[
                        {
                         "name":"color",
                         "type":"string",
                         "value":"White"
                        }, 
                        {
                         "name":"end",
                         "type":"bool",
                         "value":true
                        }],
                 "rotation":0,
                 "type":"",
                 "visible":true,
                 "width":200,
                 "x":2800,
                 "y":3000
                }],
         "opacity":1,
         "type":"objectgroup",
         "visible":true,
         "x":0,
         "y":0
        }],
 "nextlayerid":10,
 "nextobjectid":59,
 "orientation":"orthogonal",
 "renderorder":"right-down",
 "tiledversion":"1.6.0",
 "tileheight":200,
 "tilesets":[
        {
         "columns":5,
         "firstgid":1,
         "image":"..\/..\/..\/V1.1\/assets\/Tiled\/tileSet.png",
         "imageheight":1000,
         "imagewidth":1000,
         "margin":0,
         "name":"tileSet",
         "spacing":0,
         "tilecount":25,
         "tileheight":200,
         "tiles":[
                {
                 "id":8,
                 "properties":[
                        {
                         "name":"color",
                         "type":"string",
                         "value":"White"
                        }, 
                        {
                         "name":"rotation",
                         "type":"int",
                         "value":135
                        }]
                }],
         "tilewidth":200
        }],
 "tilewidth":200,
 "type":"map",
 "version":"1.6",
 "width":40
}