{ "compressionlevel":-1,
 "editorsettings":
    {
     "export":
        {
         "format":"json"
        }
    },
 "height":50,
 "infinite":false,
 "layers":[
        {
         "draworder":"topdown",
         "id":2,
         "name":"fleches",
         "objects":[],
         "opacity":1,
         "type":"objectgroup",
         "visible":true,
         "x":0,
         "y":0
        }, 
        {
         "draworder":"topdown",
         "id":3,
         "name":"Octogone",
         "objects":[
                {
                 "gid":4,
                 "height":200,
                 "id":44,
                 "name":"",
                 "properties":[
                        {
                         "name":"color",
                         "type":"string",
                         "value":"White"
                        }, 
                        {
                         "name":"orientation",
                         "type":"int",
                         "value":4
                        }, 
                        {
                         "name":"spawnCamera",
                         "type":"bool",
                         "value":true
                        }],
                 "rotation":0,
                 "type":"",
                 "visible":true,
                 "width":200,
                 "x":8600,
                 "y":9800
                }, 
                {
                 "gid":4,
                 "height":200,
                 "id":45,
                 "name":"",
                 "properties":[
                        {
                         "name":"color",
                         "type":"string",
                         "value":"White"
                        }, 
                        {
                         "name":"orientation",
                         "type":"int",
                         "value":3
                        }, 
                        {
                         "name":"scroll",
                         "type":"int",
                         "value":1
                        }, 
                        {
                         "name":"trans",
                         "type":"bool",
                         "value":true
                        }],
                 "rotation":0,
                 "type":"",
                 "visible":true,
                 "width":200,
                 "x":8592,
                 "y":8600
                }, 
                {
                 "gid":1,
                 "height":200,
                 "id":57,
                 "name":"",
                 "properties":[
                        {
                         "name":"color",
                         "type":"string",
                         "value":"White"
                        }, 
                        {
                         "name":"idCamera",
                         "type":"int",
                         "value":1
                        }],
                 "rotation":0,
                 "type":"",
                 "visible":true,
                 "width":200,
                 "x":7800,
                 "y":7800
                }, 
                {
                 "gid":1,
                 "height":200,
                 "id":58,
                 "name":"",
                 "properties":[
                        {
                         "name":"color",
                         "type":"string",
                         "value":"White"
                        }, 
                        {
                         "name":"idCamera",
                         "type":"int",
                         "value":1
                        }],
                 "rotation":0,
                 "type":"",
                 "visible":true,
                 "width":200,
                 "x":9400,
                 "y":7800
                }, 
                {
                 "gid":1,
                 "height":200,
                 "id":61,
                 "name":"",
                 "properties":[
                        {
                         "name":"color",
                         "type":"string",
                         "value":"White"
                        }, 
                        {
                         "name":"idCamera",
                         "type":"int",
                         "value":2
                        }],
                 "rotation":0,
                 "type":"",
                 "visible":true,
                 "width":200,
                 "x":7800,
                 "y":6652
                }, 
                {
                 "gid":6,
                 "height":200,
                 "id":62,
                 "name":"",
                 "properties":[
                        {
                         "name":"color",
                         "type":"string",
                         "value":"Black"
                        }, 
                        {
                         "name":"idCamera",
                         "type":"int",
                         "value":2
                        }],
                 "rotation":0,
                 "type":"",
                 "visible":true,
                 "width":200,
                 "x":6720,
                 "y":6652
                }, 
                {
                 "gid":6,
                 "height":200,
                 "id":67,
                 "name":"",
                 "properties":[
                        {
                         "name":"color",
                         "type":"string",
                         "value":"Black"
                        }, 
                        {
                         "name":"idCamera",
                         "type":"int",
                         "value":3
                        }],
                 "rotation":0,
                 "type":"",
                 "visible":true,
                 "width":200,
                 "x":5090,
                 "y":8858
                }, 
                {
                 "gid":1,
                 "height":200,
                 "id":68,
                 "name":"",
                 "properties":[
                        {
                         "name":"color",
                         "type":"string",
                         "value":"White"
                        }],
                 "rotation":0,
                 "type":"",
                 "visible":true,
                 "width":200,
                 "x":6040,
                 "y":7548
                }, 
                {
                 "gid":6,
                 "height":200,
                 "id":69,
                 "name":"",
                 "properties":[
                        {
                         "name":"color",
                         "type":"string",
                         "value":"Black"
                        }, 
                        {
                         "name":"idCamera",
                         "type":"int",
                         "value":3
                        }],
                 "rotation":0,
                 "type":"",
                 "visible":true,
                 "width":200,
                 "x":5076,
                 "y":7532
                }, 
                {
                 "gid":1,
                 "height":200,
                 "id":74,
                 "name":"",
                 "properties":[
                        {
                         "name":"color",
                         "type":"string",
                         "value":"White"
                        }, 
                        {
                         "name":"orientation",
                         "type":"int",
                         "value":3
                        }, 
                        {
                         "name":"scroll",
                         "type":"int",
                         "value":4
                        }, 
                        {
                         "name":"trans",
                         "type":"bool",
                         "value":true
                        }],
                 "rotation":0,
                 "type":"",
                 "visible":true,
                 "width":200,
                 "x":4000,
                 "y":8000
                }, 
                {
                 "gid":1,
                 "height":200,
                 "id":76,
                 "name":"",
                 "properties":[
                        {
                         "name":"color",
                         "type":"string",
                         "value":"White"
                        }, 
                        {
                         "name":"orientation",
                         "type":"int",
                         "value":2
                        }, 
                        {
                         "name":"scroll",
                         "type":"int",
                         "value":5
                        }, 
                        {
                         "name":"trans",
                         "type":"bool",
                         "value":true
                        }],
                 "rotation":0,
                 "type":"",
                 "visible":true,
                 "width":200,
                 "x":4000,
                 "y":7000
                }, 
                {
                 "ellipse":true,
                 "height":0,
                 "id":80,
                 "name":"",
                 "rotation":0,
                 "type":"",
                 "visible":true,
                 "width":0,
                 "x":4104,
                 "y":6912
                }],
         "opacity":1,
         "type":"objectgroup",
         "visible":true,
         "x":0,
         "y":0
        }, 
        {
         "draworder":"topdown",
         "id":10,
         "name":"Touche",
         "objects":[],
         "opacity":1,
         "type":"objectgroup",
         "visible":true,
         "x":0,
         "y":0
        }, 
        {
         "draworder":"topdown",
         "id":4,
         "name":"Barriere",
         "objects":[
                {
                 "gid":8,
                 "height":200,
                 "id":72,
                 "name":"",
                 "properties":[
                        {
                         "name":"color",
                         "type":"string",
                         "value":"Black"
                        }],
                 "rotation":0,
                 "type":"",
                 "visible":true,
                 "width":200,
                 "x":5624,
                 "y":8872
                }, 
                {
                 "gid":3,
                 "height":200,
                 "id":73,
                 "name":"",
                 "properties":[
                        {
                         "name":"color",
                         "type":"string",
                         "value":"White"
                        }],
                 "rotation":0,
                 "type":"",
                 "visible":true,
                 "width":200,
                 "x":5672,
                 "y":8868
                }, 
                {
                 "gid":8,
                 "height":200,
                 "id":81,
                 "name":"",
                 "properties":[
                        {
                         "name":"color",
                         "type":"string",
                         "value":"Black"
                        }, 
                        {
                         "name":"id",
                         "type":"int",
                         "value":0
                        }, 
                        {
                         "name":"rotation",
                         "type":"int",
                         "value":90
                        }],
                 "rotation":0,
                 "type":"",
                 "visible":true,
                 "width":200,
                 "x":8603.0303030303,
                 "y":9178.78787878788
                }, 
                {
                 "gid":3,
                 "height":200,
                 "id":82,
                 "name":"",
                 "properties":[
                        {
                         "name":"color",
                         "type":"string",
                         "value":"White"
                        }, 
                        {
                         "name":"id",
                         "type":"int",
                         "value":0
                        }, 
                        {
                         "name":"rotation",
                         "type":"int",
                         "value":90
                        }],
                 "rotation":0,
                 "type":"",
                 "visible":true,
                 "width":200,
                 "x":8602.36363636363,
                 "y":9197.27272727273
                }],
         "opacity":1,
         "type":"objectgroup",
         "visible":true,
         "x":0,
         "y":0
        }, 
        {
         "draworder":"topdown",
         "id":5,
         "name":"Rebond",
         "objects":[
                {
                 "gid":5,
                 "height":200,
                 "id":48,
                 "name":"",
                 "properties":[
                        {
                         "name":"color",
                         "type":"string",
                         "value":"White"
                        }],
                 "rotation":0,
                 "type":"",
                 "visible":true,
                 "width":200,
                 "x":7838.90909090909,
                 "y":9200.72727272727
                }, 
                {
                 "gid":5,
                 "height":200,
                 "id":54,
                 "name":"",
                 "properties":[
                        {
                         "name":"color",
                         "type":"string",
                         "value":"White"
                        }],
                 "rotation":0,
                 "type":"",
                 "visible":true,
                 "width":200,
                 "x":9376.9696969697,
                 "y":9196.60606060606
                }, 
                {
                 "gid":5,
                 "height":200,
                 "id":59,
                 "name":"",
                 "properties":[
                        {
                         "name":"color",
                         "type":"string",
                         "value":"White"
                        }],
                 "rotation":0,
                 "type":"",
                 "visible":true,
                 "width":200,
                 "x":9538.30303030303,
                 "y":6460
                }, 
                {
                 "gid":10,
                 "height":200,
                 "id":63,
                 "name":"",
                 "properties":[
                        {
                         "name":"color",
                         "type":"string",
                         "value":"Black"
                        }],
                 "rotation":0,
                 "type":"",
                 "visible":true,
                 "width":200,
                 "x":6800,
                 "y":7896
                }, 
                {
                 "gid":10,
                 "height":200,
                 "id":65,
                 "name":"",
                 "properties":[
                        {
                         "name":"color",
                         "type":"string",
                         "value":"Black"
                        }],
                 "rotation":0,
                 "type":"",
                 "visible":true,
                 "width":200,
                 "x":5916,
                 "y":6508
                }, 
                {
                 "gid":5,
                 "height":200,
                 "id":75,
                 "name":"",
                 "rotation":0,
                 "type":"",
                 "visible":true,
                 "width":200,
                 "x":3852,
                 "y":8964
                }],
         "opacity":1,
         "type":"objectgroup",
         "visible":true,
         "x":0,
         "y":0
        }, 
        {
         "draworder":"topdown",
         "id":6,
         "name":"Pentagone",
         "objects":[],
         "opacity":1,
         "type":"objectgroup",
         "visible":true,
         "x":0,
         "y":0
        }, 
        {
         "draworder":"topdown",
         "id":7,
         "name":"Triangle",
         "objects":[],
         "opacity":1,
         "type":"objectgroup",
         "visible":true,
         "x":0,
         "y":0
        }, 
        {
         "draworder":"topdown",
         "id":8,
         "name":"End",
         "objects":[
                {
                 "gid":13,
                 "height":200,
                 "id":77,
                 "name":"",
                 "properties":[
                        {
                         "name":"color",
                         "type":"string",
                         "value":"Black"
                        }, 
                        {
                         "name":"end",
                         "type":"bool",
                         "value":true
                        }],
                 "rotation":271.359,
                 "type":"",
                 "visible":true,
                 "width":200,
                 "x":2800,
                 "y":7000
                }],
         "opacity":1,
         "type":"objectgroup",
         "visible":true,
         "x":0,
         "y":0
        }],
 "nextlayerid":11,
 "nextobjectid":83,
 "orientation":"orthogonal",
 "renderorder":"right-down",
 "tiledversion":"1.6.0",
 "tileheight":200,
 "tilesets":[
        {
         "columns":5,
         "firstgid":1,
         "image":"..\/..\/..\/..\/GravitonEdouard\/V1.1\/assets\/Tiled\/tileSet.png",
         "imageheight":1000,
         "imagewidth":1000,
         "margin":0,
         "name":"tileSet",
         "spacing":0,
         "tilecount":25,
         "tileheight":200,
         "tiles":[
                {
                 "id":8,
                 "properties":[
                        {
                         "name":"color",
                         "type":"string",
                         "value":"White"
                        }, 
                        {
                         "name":"rotation",
                         "type":"int",
                         "value":135
                        }]
                }],
         "tilewidth":200
        }],
 "tilewidth":200,
 "type":"map",
 "version":"1.6",
 "width":50
}