{ "compressionlevel":-1,
 "height":40,
 "infinite":false,
 "layers":[
        {
         "data":[0, 0, 0, 0, 0, 0, 0, 0, 0, 0, 0, 0, 0, 0, 0, 0, 0, 0, 0, 0, 0, 0, 0, 0, 0, 0, 0, 0, 0, 0, 0, 0, 0, 0, 0, 0, 0, 0, 0, 0, 0, 0, 0, 0, 0, 0, 0, 0, 0, 0, 0, 0, 0, 0, 0, 0, 0, 0, 0, 0, 0, 0, 0, 0, 0, 0, 0, 0, 0, 0, 0, 0, 0, 0, 0, 0, 0, 0, 0, 0, 0, 0, 0, 0, 0, 0, 0, 0, 0, 0, 0, 0, 0, 0, 0, 0, 0, 0, 0, 0, 0, 0, 0, 0, 0, 0, 0, 0, 0, 0, 0, 0, 0, 0, 0, 0, 0, 0, 0, 0, 0, 0, 0, 0, 0, 0, 0, 0, 0, 0, 0, 0, 0, 0, 0, 0, 0, 0, 0, 0, 0, 0, 0, 0, 0, 0, 0, 0, 0, 0, 0, 0, 0, 0, 0, 0, 0, 0, 0, 0, 0, 0, 0, 0, 0, 0, 0, 0, 0, 0, 0, 0, 0, 0, 0, 0, 0, 0, 0, 0, 0, 0, 0, 0, 0, 0, 0, 0, 0, 0, 0, 0, 0, 0, 0, 0, 0, 0, 0, 0, 0, 0, 0, 0, 0, 0, 0, 0, 0, 0, 0, 0, 0, 0, 0, 0, 0, 0, 0, 0, 0, 0, 0, 0, 0, 0, 0, 0, 0, 0, 0, 0, 0, 0, 0, 0, 0, 0, 0, 0, 0, 0, 0, 0, 0, 0, 0, 0, 0, 0, 0, 0, 0, 0, 0, 0, 0, 0, 0, 0, 0, 0, 0, 0, 0, 0, 0, 0, 0, 0, 0, 0, 0, 0, 0, 0, 0, 0, 0, 0, 0, 0, 0, 0, 0, 0, 0, 0, 0, 0, 0, 0, 0, 0, 0, 0, 0, 0, 0, 0, 0, 0, 0, 0, 0, 0, 0, 0, 0, 0, 0, 0, 0, 0, 0, 0, 0, 0, 0, 0, 0, 0, 0, 0, 0, 0, 0, 0, 0, 0, 0, 0, 0, 0, 0, 0, 0, 0, 0, 0, 0, 0, 0, 0, 0, 0, 0, 0, 0, 0, 0, 0, 0, 0, 0, 0, 0, 0, 0, 0, 0, 0, 0, 0, 0, 0, 0, 0, 0, 0, 0, 0, 0, 0, 0, 0, 0, 0, 0, 0, 0, 0, 0, 0, 0, 0, 0, 0, 0, 0, 0, 0, 0, 0, 0, 0, 0, 0, 0, 0, 0, 0, 0, 0, 0, 0, 0, 0, 0, 0, 0, 0, 0, 0, 0, 0, 0, 0, 0, 0, 0, 0, 0, 0, 0, 0, 0, 0, 0, 0, 0, 0, 0, 0, 0, 0, 0, 0, 0, 0, 0, 0, 0, 0, 0, 0, 0, 0, 0, 0, 0, 0, 0, 0, 0, 0, 0, 0, 0, 0, 0, 0, 0, 0, 0, 0, 0, 0, 0, 0, 0, 0, 0, 0, 0, 0, 0, 0, 0, 0, 0, 0, 0, 0, 0, 0, 0, 0, 0, 0, 0, 0, 0, 0, 0, 0, 0, 0, 0, 0, 0, 0, 0, 0, 0, 0, 0, 0, 0, 0, 0, 0, 0, 0, 0, 0, 0, 0, 0, 0, 0, 0, 0, 0, 0, 0, 0, 0, 0, 0, 0, 0, 0, 0, 0, 0, 0, 0, 0, 0, 0, 0, 0, 0, 0, 0, 0, 0, 0, 0, 0, 0, 0, 0, 0, 0, 0, 0, 0, 0, 0, 0, 0, 0, 0, 0, 0, 0, 0, 0, 0, 0, 0, 0, 0, 0, 0, 0, 0, 0, 0, 0, 0, 0, 0, 0, 0, 0, 0, 0, 0, 0, 0, 0, 0, 0, 0, 0, 0, 0, 0, 0, 0, 0, 0, 0, 0, 0, 0, 0, 0, 0, 0, 0, 0, 0, 0, 0, 0, 0, 0, 0, 0, 0, 0, 0, 0, 0, 0, 0, 0, 0, 0, 0, 0, 0, 0, 0, 0, 0, 0, 0, 0, 0, 0, 0, 0, 0, 0, 0, 0, 0, 0, 0, 0, 0, 0, 0, 0, 0, 0, 0, 0, 0, 0, 0, 0, 0, 0, 0, 0, 0, 0, 0, 0, 0, 0, 0, 0, 0, 0, 0, 0, 0, 0, 0, 0, 0, 0, 0, 0, 0, 0, 0, 0, 0, 0, 0, 0, 0, 0, 0, 0, 0, 0, 0, 0, 0, 0, 0, 0, 0, 0, 0, 0, 0, 0, 0, 0, 0, 0, 0, 0, 0, 0, 0, 0, 0, 0, 0, 0, 0, 0, 0, 0, 0, 0, 0, 0, 0, 0, 0, 0, 0, 0, 0, 0, 0, 0, 0, 0, 0, 0, 0, 0, 0, 0, 0, 0, 0, 0, 0, 0, 0, 0, 0, 0, 0, 0, 0, 0, 0, 0, 0, 0, 0, 0, 0, 0, 0, 0, 0, 0, 0, 0, 0, 0, 0, 0, 0, 0, 0, 0, 0, 0, 0, 0, 0, 0, 0, 0, 0, 0, 0, 0, 0, 0, 0, 0, 0, 0, 0, 0, 0, 0, 0, 0, 0, 0, 0, 0, 0, 0, 0, 0, 0, 0, 0, 0, 0, 0, 0, 0, 0, 0, 0, 0, 0, 0, 0, 0, 0, 0, 0, 0, 0, 0, 0, 0, 0, 0, 0, 0, 0, 0, 0, 0, 0, 0, 0, 0, 0, 0, 0, 0, 0, 0, 0, 0, 0, 0, 0, 0, 0, 0, 0, 0, 0, 0, 0, 0, 0, 0, 0, 0, 0, 0, 0, 0, 0, 0, 0, 0, 0, 0, 0, 0, 0, 0, 0, 0, 0, 0, 0, 0, 0, 0, 0, 0, 0, 0, 0, 0, 0, 0, 0, 0, 0, 0, 0, 0, 0, 0, 0, 0, 0, 0, 0, 0, 0, 0, 0, 0, 0, 0, 0, 0, 0, 0, 0, 0, 0, 0, 0, 0, 0, 0, 0, 0, 0, 0, 0, 0, 0, 0, 0, 0, 0, 0, 0, 0, 0, 0, 0, 0, 0, 0, 0, 0, 0, 0, 0, 0, 0, 0, 0, 0, 0, 0, 0, 0, 0, 0, 0, 0, 0, 0, 0, 0, 0, 0, 0, 0, 0, 0, 0, 0, 0, 0, 0, 0, 0, 0, 0, 0, 0, 0, 0, 0, 0, 0, 0, 0, 0, 0, 0, 0, 0, 0, 0, 0, 0, 0, 0, 0, 0, 0, 0, 0, 0, 0, 0, 0, 0, 0, 0, 0, 0, 0, 0, 0, 0, 0, 0, 0, 0, 0, 0, 0, 0, 0, 0, 0, 0, 0, 0, 0, 0, 0, 0, 0, 0, 0, 0, 0, 0, 0, 0, 0, 0, 0, 0, 0, 0, 0, 0, 0, 0, 0, 0, 0, 0, 0, 0, 0, 0, 0, 0, 0, 0, 0, 0, 0, 0, 0, 0, 0, 0, 0, 0, 0, 0, 0, 0, 0, 0, 0, 0, 0, 0, 0, 0, 0, 0, 0, 0, 0, 0, 0, 0, 0, 0, 0, 0, 0, 0, 0, 0, 0, 0, 0, 0, 0, 0, 0, 0, 0, 0, 0, 0, 0, 0, 0, 0, 0, 0, 0, 0, 0, 0, 0, 0, 0, 0, 0, 0, 0, 0, 0, 0, 0, 0, 0, 0, 0, 0, 0, 0, 0, 0, 0, 0, 0, 0, 0, 0, 0, 0, 0, 0, 0, 0, 0, 0, 0, 0, 0, 0, 0, 0, 0, 0, 0, 0, 0, 0, 0, 0, 0, 0, 0, 0, 0, 0, 0, 0, 0, 0, 0, 0, 0, 0, 0, 0, 0, 0, 0, 0, 0, 0, 0, 0, 0, 0, 0, 0, 0, 0, 0, 0, 0, 0, 0, 0, 0, 0, 0, 0, 0, 0, 0, 0, 0, 0, 0, 0, 0, 0, 0, 0, 0, 0, 0, 0, 0, 0, 0, 0, 0, 0, 0, 0, 0, 0, 0, 0, 0, 0, 0, 0, 0, 0, 0, 0, 0, 0, 0, 0, 0, 0, 0, 0, 0, 0, 0, 0, 0, 0, 0, 0, 0, 0, 0, 0, 0, 0, 0, 0, 0, 0, 0, 0, 0, 0, 0, 0, 0, 0, 0, 0, 0, 0, 0, 0, 0, 0, 0, 0, 0, 0, 0, 0, 0, 0, 0, 0, 0, 0, 0, 0, 0, 0, 0, 0, 0, 0, 0, 0, 0, 0, 0, 0, 0, 0, 0, 0, 0, 0, 0, 0, 0, 0, 0, 0, 0, 0, 0, 0, 0, 0, 0, 0, 0, 0, 0, 0, 0, 0, 0, 0, 0, 0, 0, 0, 0, 0, 0, 0, 0, 0, 0, 0, 0, 0, 0, 0, 0, 0, 0, 0, 0, 0, 0, 0, 0, 0, 0, 0, 0, 0, 0, 0, 0, 0, 0, 0, 0, 0, 0, 0, 0, 0, 0, 0, 0, 0, 0, 0, 0, 0, 0, 0, 0, 0, 0, 0, 0, 0, 0, 0, 0, 0, 0, 0, 0, 0, 0, 0, 0, 0, 0, 0, 0, 0, 0, 0, 0, 0, 0, 0, 0, 0, 0, 0, 0, 0, 0, 0, 0, 0, 0, 0, 0, 0, 0, 0, 0, 0, 0, 0, 0, 0, 0, 0, 0, 0, 0, 0, 0, 0, 0, 0, 0, 0, 0, 0, 0, 0, 0, 0, 0, 0, 0, 0, 0, 0, 0, 0, 0, 0, 0, 0, 0, 0, 0, 0, 0, 0, 0, 0, 0, 0, 0, 0, 0, 0, 0, 0, 0, 0, 0, 0, 0, 0, 0, 0, 0, 0, 0, 0, 0, 0, 0, 0, 0, 0, 0, 0, 0, 0, 0, 0, 0, 0, 0, 0, 0, 0, 0, 0, 0, 0, 0, 0, 0, 0, 0, 0, 0, 0, 0, 0, 0, 0, 0, 0, 0, 0, 0, 0, 0, 0, 0, 0, 0, 0, 0, 0, 0, 0, 0, 0, 0, 0, 0, 0, 0, 0, 0, 0, 0, 0, 0, 0, 0, 0, 0, 0, 0, 0, 0, 0, 0, 0, 0, 0, 0, 0, 0, 0, 0, 0, 0, 0, 0, 0, 0, 0, 0, 0, 0, 0, 0, 0, 0, 0, 0, 0, 0, 0, 0, 0, 0, 0, 0, 0, 0, 0, 0, 0, 0, 0, 0, 0, 0, 0, 0, 0, 0, 0, 0, 0, 0, 0, 0, 0, 0, 0, 0, 0, 0, 0, 0, 0, 0, 0, 0, 0, 0, 0, 0, 0, 0, 0, 0, 0, 0, 0, 0, 0, 0, 0, 0, 0, 0, 0, 0, 0, 0, 0, 0, 0, 0, 0, 0, 0, 0, 0, 0, 0, 0, 0, 0, 0, 0, 0, 0, 0, 0, 0, 0, 0, 0, 0, 0, 0, 0, 0, 0, 0, 0, 0, 0, 0, 0, 0, 0, 0, 0, 0, 0, 0, 0, 0, 0, 0, 0, 0, 0, 0, 0, 0, 0, 0, 0, 0, 0, 0, 0, 0, 0, 0, 0, 0, 0, 0, 0, 0, 0, 0, 0, 0, 0, 0, 0, 0, 0, 0, 0, 0, 0, 0, 0, 0, 0, 0, 0, 0, 0, 0, 0, 0, 0, 0, 0, 0, 0, 0, 0, 0, 0, 0, 0, 0, 0, 0, 0, 0, 0, 0, 0, 0, 0, 0, 0, 0, 0, 0, 0, 0, 0, 0, 0, 0, 0, 0, 0, 0, 0, 0, 0, 0, 0, 0, 0, 0, 0, 0, 0, 0, 0, 0, 0, 0, 0, 0, 0, 0, 0, 0, 0, 0, 0, 0, 0, 0, 0, 0, 0, 0, 0, 0, 0, 0, 0, 0, 0, 0, 0, 0, 0, 0, 0, 0, 0, 0, 0, 0, 0, 0, 0, 0, 0, 0, 0, 0, 0, 0, 0, 0, 0, 0, 0, 0, 0, 0, 0, 0, 0, 0, 0, 0, 0, 0, 0, 0, 0, 0, 0, 0, 0, 0, 0, 0, 0, 0, 0, 0, 0, 0, 0, 0, 0, 0, 0, 0, 0, 0, 0, 0, 0, 0, 0, 0, 0, 0, 0, 0, 0, 0, 0, 0, 0, 0, 0, 0, 0, 0, 0, 0, 0, 0, 0, 0, 0, 0, 0, 0, 0, 0, 0, 0, 0, 0, 0, 0, 0, 0, 0, 0, 0, 0, 0, 0, 0, 0, 0, 0, 0, 0, 0, 0, 0, 0, 0, 0, 0, 0, 0, 0, 0, 0, 0, 0, 0, 0, 0, 0, 0, 0, 0, 0, 0, 0, 0, 0, 0, 0, 0, 0, 0, 0, 0, 0, 0, 0, 0, 0, 0, 0, 0, 0, 0, 0, 0, 0, 0, 0, 0, 0, 0, 0, 0, 0, 0, 0, 0, 0, 0, 0, 0, 0, 0, 0, 0, 0, 0, 0, 0, 0, 0, 0, 0, 0, 0, 0, 0, 0, 0, 0, 0, 0, 0, 0, 0, 0, 0, 0, 0, 0, 0, 0, 0, 0, 0, 0, 0, 0, 0, 0, 0, 0, 0, 0, 0, 0, 0, 0, 0, 0, 0, 0, 0, 0, 0, 0, 0, 0, 0, 0, 0, 0, 0, 0, 0, 0, 0, 0, 0, 0, 0, 0, 0, 0, 0, 0, 0, 0, 0, 0, 0, 0, 0, 0, 0, 0, 0, 0, 0, 0, 0, 0, 0, 0, 0, 0, 0, 0, 0, 0, 0, 0, 0, 0, 0, 0, 0, 0, 0, 0, 0, 0, 0, 0, 0, 0, 0, 0, 0, 0, 0, 0, 0, 0, 0, 0, 0, 0, 0, 0, 0, 0, 0, 0, 0, 0, 0, 0, 0, 0, 0, 0, 0, 0, 0, 0, 0, 0, 0, 0, 0, 0, 0, 0, 0, 0, 0, 0, 0, 0, 0, 0, 0, 0, 0, 0, 0, 0, 0, 0, 0, 0, 0, 0, 0, 0, 0, 0, 0, 0, 0, 0, 0, 0, 0, 0, 0, 0, 0, 0, 0, 0, 0, 0, 0, 0, 0, 0, 0, 0, 0, 0, 0, 0, 0, 0, 0, 0, 0, 0, 0, 0, 0, 0, 0, 0, 0, 0, 0, 0, 0, 0, 0, 0, 0, 0, 0, 0, 0, 0, 0, 0, 0, 0, 0, 0, 0, 0, 0, 0, 0, 0, 0, 0, 0, 0, 0, 0, 0, 0, 0, 0, 0, 0, 0, 0, 0, 0, 0, 0, 0, 0, 0, 0, 0, 0, 0, 0, 0, 0, 0, 0, 0, 0, 0, 0, 0, 0, 0, 0, 0, 0, 0, 0, 0, 0, 0, 0, 0, 0, 0, 0, 0, 0, 0, 0, 0, 0, 0, 0, 0, 0, 0, 0, 0, 0, 0, 0, 0, 0, 0, 0, 0, 0, 0, 0, 0, 0, 0, 0, 0, 0, 0, 0, 0, 0, 0, 0, 0, 0, 0, 0, 0, 0, 0, 0, 0, 0, 0, 0, 0, 0, 0, 0, 0, 0, 0, 0, 0, 0, 0, 0, 0, 0, 0, 0, 0, 0, 0, 0, 0, 0, 0, 0, 0, 0, 0, 0, 0, 0, 0, 0, 0, 0, 0, 0, 0, 0, 0, 0, 0, 0, 0, 0, 0, 0, 0, 0, 0, 0, 0, 0, 0, 0, 0, 0, 0, 0, 0, 0, 0, 0, 0, 0, 0, 0, 0, 0, 0, 0, 0, 0, 0, 0, 0, 0, 0, 0, 0, 0, 0, 0, 0, 0, 0, 0, 0, 0, 0, 0, 0, 0, 0, 0, 0, 0, 0, 0, 0, 0, 0, 0, 0, 0, 0, 0, 0, 0, 0, 0, 0, 0, 0, 0, 0, 0, 0, 0, 0, 0, 0, 0, 0, 0, 0, 0, 0, 0, 0, 0, 0, 0, 0, 0, 0, 0, 0, 0, 0, 0, 0, 0, 0, 0, 0, 0, 0, 0, 0, 0, 0, 0, 0, 0, 0, 0, 0, 0, 0, 0, 0, 0, 0, 0, 0, 0, 0, 0, 0, 0, 0, 0, 0, 0, 0, 0, 0, 0, 0, 0, 0, 0, 0, 0, 0, 0, 0, 0, 0, 0, 0, 0, 0, 0, 0, 0, 0, 0, 0, 0, 0, 0, 0, 0, 0, 0, 0, 0, 0, 0, 0, 0, 0, 0, 0, 0, 0, 0, 0, 0, 0, 0, 0, 0, 0, 0, 0, 0, 0, 0, 0, 0, 0, 0, 0, 0, 0, 0, 0, 0, 0, 0, 0, 0, 0, 0, 0, 0, 0, 0, 0, 0, 0, 0, 0, 0, 0, 0, 0, 0, 0, 0, 0, 0, 0, 0, 0, 0, 0, 0, 0, 0, 0, 0, 0, 0, 0, 0, 0, 0, 0, 0, 0, 0, 0, 0, 0, 0, 0, 0, 0, 0, 0, 0, 0, 0, 0, 0, 0, 0, 0, 0, 0, 0, 0, 0, 0, 0, 0, 0, 0, 0, 0, 0, 0, 0, 0, 0, 0, 0, 0, 0, 0, 0, 0, 0, 0, 0, 0, 0, 0, 0, 0, 0, 0, 0, 0, 0, 0, 0, 0, 0, 0, 0, 0, 0, 0, 0, 0, 0, 0, 0, 0, 0, 0, 0, 0, 0, 0, 0, 0, 0, 0, 0, 0, 0, 0, 0, 0, 0, 0, 0, 0, 0, 0, 0, 0, 0, 0, 0, 0, 0, 0, 0, 0, 0, 0, 0, 0, 0, 0, 0, 0, 0, 0, 0, 0, 0, 0, 0, 0, 0, 0, 0, 0, 0, 0, 0, 0, 0, 0, 0, 0, 0, 0, 0, 0, 0, 0, 0, 0, 0, 0, 0, 0, 0, 0, 0, 0, 0],
         "height":40,
         "id":8,
         "name":"chemin",
         "opacity":1,
         "type":"tilelayer",
         "visible":true,
         "width":70,
         "x":0,
         "y":0
        }, 
        {
         "draworder":"topdown",
         "id":2,
         "name":"Octogone",
         "objects":[
                {
                 "gid":1,
                 "height":200,
                 "id":1,
                 "name":"",
                 "properties":[
                        {
                         "name":"color",
                         "type":"string",
                         "value":"White"
                        }, 
                        {
                         "name":"orientation",
                         "type":"int",
                         "value":6
                        }, 
                        {
                         "name":"spawnCamera",
                         "type":"bool",
                         "value":true
                        }],
                 "rotation":0,
                 "type":"",
                 "visible":true,
                 "width":200,
                 "x":3000,
                 "y":7200
                }, 
                {
                 "gid":1,
                 "height":200,
                 "id":8,
                 "name":"",
                 "properties":[
                        {
                         "name":"color",
                         "type":"string",
                         "value":"White"
                        }],
                 "rotation":0,
                 "type":"",
                 "visible":true,
                 "width":200,
                 "x":12400.3636363636,
                 "y":7400.60606060606
                }, 
                {
                 "gid":6,
                 "height":200,
                 "id":12,
                 "name":"",
                 "properties":[
                        {
                         "name":"color",
                         "type":"string",
                         "value":"Black"
                        }],
                 "rotation":0,
                 "type":"",
                 "visible":true,
                 "width":200,
                 "x":11000.3636363636,
                 "y":6280.60606060606
                }, 
                {
                 "gid":1,
                 "height":200,
                 "id":13,
                 "name":"",
                 "properties":[
                        {
                         "name":"color",
                         "type":"string",
                         "value":"White"
                        }],
                 "rotation":0,
                 "type":"",
                 "visible":true,
                 "width":200,
                 "x":11000.3636363636,
                 "y":6912.60606060606
                }, 
                {
                 "gid":1,
                 "height":200,
                 "id":14,
                 "name":"",
                 "properties":[
                        {
                         "name":"color",
                         "type":"string",
                         "value":"White"
                        }],
                 "rotation":0,
                 "type":"",
                 "visible":true,
                 "width":200,
                 "x":10232.3636363636,
                 "y":5440.60606060606
                }, 
                {
                 "gid":6,
                 "height":200,
                 "id":15,
                 "name":"",
                 "properties":[
                        {
                         "name":"color",
                         "type":"string",
                         "value":"Black"
                        }],
                 "rotation":0,
                 "type":"",
                 "visible":true,
                 "width":200,
                 "x":10240.3636363636,
                 "y":7760.60606060606
                }, 
                {
                 "gid":6,
                 "height":200,
                 "id":16,
                 "name":"",
                 "properties":[
                        {
                         "name":"color",
                         "type":"string",
                         "value":"Black"
                        }],
                 "rotation":0,
                 "type":"",
                 "visible":true,
                 "width":200,
                 "x":12400.3636363636,
                 "y":5800.60606060606
                }, 
                {
                 "gid":6,
                 "height":200,
                 "id":18,
                 "name":"",
                 "properties":[
                        {
                         "name":"color",
                         "type":"string",
                         "value":"Black"
                        }, 
                        {
                         "name":"orientation",
                         "type":"int",
                         "value":2
                        }, 
                        {
                         "name":"scroll",
                         "type":"int",
                         "value":1
                        }, 
                        {
                         "name":"trans",
                         "type":"bool",
                         "value":true
                        }],
                 "rotation":0,
                 "type":"",
                 "visible":true,
                 "width":200,
                 "x":9200.36363636364,
                 "y":6600.60606060606
                }, 
                {
                 "gid":1,
                 "height":200,
                 "id":23,
                 "name":"",
                 "properties":[
                        {
                         "name":"color",
                         "type":"string",
                         "value":"White"
                        }],
                 "rotation":0,
                 "type":"",
                 "visible":true,
                 "width":200,
                 "x":8600.36363636364,
                 "y":6600.60606060606
                }, 
                {
                 "gid":6,
                 "height":200,
                 "id":134,
                 "name":"",
                 "properties":[
                        {
                         "name":"color",
                         "type":"string",
                         "value":"Black"
                        }, 
                        {
                         "name":"orientation",
                         "type":"int",
                         "value":3
                        }, 
                        {
                         "name":"scroll",
                         "type":"int",
                         "value":2
                        }, 
                        {
                         "name":"trans",
                         "type":"bool",
                         "value":true
                        }],
                 "rotation":0,
                 "type":"",
                 "visible":true,
                 "width":200,
                 "x":7567.36363636364,
                 "y":5453.60606060606
                }, 
                {
                 "gid":1,
                 "height":200,
                 "id":141,
                 "name":"",
                 "properties":[
                        {
                         "name":"color",
                         "type":"string",
                         "value":"White"
                        }, 
                        {
                         "name":"idCamera",
                         "type":"int",
                         "value":2
                        }],
                 "rotation":0,
                 "type":"",
                 "visible":true,
                 "width":200,
                 "x":6546.36363636364,
                 "y":5459.60606060606
                }, 
                {
                 "gid":1,
                 "height":200,
                 "id":243,
                 "name":"",
                 "properties":[
                        {
                         "name":"color",
                         "type":"string",
                         "value":"White"
                        }, 
                        {
                         "name":"orientation",
                         "type":"int",
                         "value":2
                        }, 
                        {
                         "name":"scroll",
                         "type":"int",
                         "value":3
                        }, 
                        {
                         "name":"trans",
                         "type":"bool",
                         "value":true
                        }],
                 "rotation":0,
                 "type":"",
                 "visible":true,
                 "width":200,
                 "x":5406,
                 "y":5460
                }, 
                {
                 "gid":1,
                 "height":200,
                 "id":244,
                 "name":"",
                 "properties":[
                        {
                         "name":"color",
                         "type":"string",
                         "value":"White"
                        }, 
                        {
                         "name":"idCamera",
                         "type":"int",
                         "value":3
                        }],
                 "rotation":0,
                 "type":"",
                 "visible":true,
                 "width":200,
                 "x":5400,
                 "y":6600
                }, 
                {
                 "gid":6,
                 "height":200,
                 "id":247,
                 "name":"",
                 "properties":[
                        {
                         "name":"color",
                         "type":"string",
                         "value":"Black"
                        }, 
                        {
                         "name":"idCamera",
                         "type":"int",
                         "value":4
                        }],
                 "rotation":0,
                 "type":"",
                 "visible":true,
                 "width":200,
                 "x":4608,
                 "y":5816
                }, 
                {
                 "gid":6,
                 "height":200,
                 "id":248,
                 "name":"",
                 "properties":[
                        {
                         "name":"color",
                         "type":"string",
                         "value":"Black"
                        }, 
                        {
                         "name":"idCamera",
                         "type":"int",
                         "value":4
                        }],
                 "rotation":0,
                 "type":"",
                 "visible":true,
                 "width":200,
                 "x":4608,
                 "y":7416
                }, 
                {
                 "gid":6,
                 "height":200,
                 "id":262,
                 "name":"",
                 "properties":[
                        {
                         "name":"TransDialogue",
                         "type":"bool",
                         "value":true
                        }, 
                        {
                         "name":"color",
                         "type":"string",
                         "value":"Black"
                        }],
                 "rotation":0,
                 "type":"",
                 "visible":true,
                 "width":200,
                 "x":3000,
                 "y":6600
                }],
         "opacity":1,
         "type":"objectgroup",
         "visible":true,
         "x":0,
         "y":0
        }, 
        {
         "draworder":"topdown",
         "id":11,
         "name":"Touche",
         "objects":[],
         "opacity":1,
         "type":"objectgroup",
         "visible":true,
         "x":0,
         "y":0
        }, 
        {
         "draworder":"topdown",
         "id":3,
         "name":"Rebond",
         "objects":[
                {
                 "gid":5,
                 "height":200,
                 "id":10,
                 "name":"",
                 "properties":[
                        {
                         "name":"color",
                         "type":"string",
                         "value":"White"
                        }],
                 "rotation":0,
                 "type":"",
                 "visible":true,
                 "width":200,
                 "x":10880.3636363636,
                 "y":5624.60606060606
                }, 
                {
                 "gid":10,
                 "height":200,
                 "id":11,
                 "name":"",
                 "properties":[
                        {
                         "name":"color",
                         "type":"string",
                         "value":"Black"
                        }],
                 "rotation":0,
                 "type":"",
                 "visible":true,
                 "width":200,
                 "x":10880.3636363636,
                 "y":7576.60606060606
                }, 
                {
                 "gid":10,
                 "height":200,
                 "id":17,
                 "name":"",
                 "properties":[
                        {
                         "name":"color",
                         "type":"string",
                         "value":"Black"
                        }],
                 "rotation":0,
                 "type":"",
                 "visible":true,
                 "width":200,
                 "x":9087.36363636364,
                 "y":5276.60606060606
                }, 
                {
                 "gid":5,
                 "height":200,
                 "id":19,
                 "name":"",
                 "properties":[
                        {
                         "name":"color",
                         "type":"string",
                         "value":"White"
                        }],
                 "rotation":0,
                 "type":"",
                 "visible":true,
                 "width":200,
                 "x":9084.36363636364,
                 "y":7924.60606060606
                }, 
                {
                 "gid":10,
                 "height":200,
                 "id":129,
                 "name":"",
                 "properties":[
                        {
                         "name":"color",
                         "type":"string",
                         "value":"Black"
                        }],
                 "rotation":0,
                 "type":"",
                 "visible":true,
                 "width":200,
                 "x":7504.36363636364,
                 "y":8000.60606060606
                }, 
                {
                 "gid":5,
                 "height":200,
                 "id":135,
                 "name":"",
                 "properties":[
                        {
                         "name":"color",
                         "type":"string",
                         "value":"White"
                        }],
                 "rotation":0,
                 "type":"",
                 "visible":true,
                 "width":200,
                 "x":6204.36363636364,
                 "y":6636.60606060606
                }, 
                {
                 "gid":10,
                 "height":200,
                 "id":136,
                 "name":"",
                 "properties":[
                        {
                         "name":"color",
                         "type":"string",
                         "value":"Black"
                        }],
                 "rotation":0,
                 "type":"",
                 "visible":true,
                 "width":200,
                 "x":7468.36363636364,
                 "y":6469.60606060606
                }, 
                {
                 "gid":5,
                 "height":200,
                 "id":138,
                 "name":"",
                 "properties":[
                        {
                         "name":"color",
                         "type":"string",
                         "value":"White"
                        }],
                 "rotation":0,
                 "type":"",
                 "visible":true,
                 "width":200,
                 "x":8204.36363636364,
                 "y":7972.60606060606
                }, 
                {
                 "gid":10,
                 "height":200,
                 "id":139,
                 "name":"",
                 "properties":[
                        {
                         "name":"color",
                         "type":"string",
                         "value":"Black"
                        }],
                 "rotation":0,
                 "type":"",
                 "visible":true,
                 "width":200,
                 "x":8206.36363636364,
                 "y":5315.60606060606
                }, 
                {
                 "gid":10,
                 "height":200,
                 "id":143,
                 "name":"",
                 "properties":[
                        {
                         "name":"color",
                         "type":"string",
                         "value":"Black"
                        }],
                 "rotation":0,
                 "type":"",
                 "visible":true,
                 "width":200,
                 "x":8740.36363636364,
                 "y":7404.60606060606
                }, 
                {
                 "gid":10,
                 "height":200,
                 "id":144,
                 "name":"",
                 "properties":[
                        {
                         "name":"color",
                         "type":"string",
                         "value":"Black"
                        }],
                 "rotation":0,
                 "type":"",
                 "visible":true,
                 "width":200,
                 "x":6441.36363636364,
                 "y":7416.60606060606
                }, 
                {
                 "gid":10,
                 "height":200,
                 "id":249,
                 "name":"",
                 "properties":[
                        {
                         "name":"color",
                         "type":"string",
                         "value":"Black"
                        }],
                 "rotation":0,
                 "type":"",
                 "visible":true,
                 "width":200,
                 "x":4008,
                 "y":6616
                }, 
                {
                 "gid":10,
                 "height":200,
                 "id":260,
                 "name":"",
                 "properties":[
                        {
                         "name":"color",
                         "type":"string",
                         "value":"Black"
                        }],
                 "rotation":0,
                 "type":"",
                 "visible":true,
                 "width":200,
                 "x":3604,
                 "y":5740
                }, 
                {
                 "gid":10,
                 "height":200,
                 "id":261,
                 "name":"",
                 "properties":[
                        {
                         "name":"color",
                         "type":"string",
                         "value":"Black"
                        }],
                 "rotation":0,
                 "type":"",
                 "visible":true,
                 "width":200,
                 "x":3604,
                 "y":7468
                }],
         "opacity":1,
         "type":"objectgroup",
         "visible":true,
         "x":0,
         "y":0
        }, 
        {
         "draworder":"topdown",
         "id":4,
         "name":"Barriere",
         "objects":[
                {
                 "gid":8,
                 "height":200,
                 "id":20,
                 "name":"",
                 "properties":[
                        {
                         "name":"color",
                         "type":"string",
                         "value":"Black"
                        }, 
                        {
                         "name":"id",
                         "type":"int",
                         "value":0
                        }, 
                        {
                         "name":"rotation",
                         "type":"int",
                         "value":0
                        }],
                 "rotation":0,
                 "type":"",
                 "visible":true,
                 "width":200,
                 "x":10038.3636363636,
                 "y":6602.60606060606
                }, 
                {
                 "gid":3,
                 "height":200,
                 "id":21,
                 "name":"",
                 "properties":[
                        {
                         "name":"color",
                         "type":"string",
                         "value":"White"
                        }, 
                        {
                         "name":"id",
                         "type":"int",
                         "value":0
                        }, 
                        {
                         "name":"rotation",
                         "type":"int",
                         "value":0
                        }],
                 "rotation":0,
                 "type":"",
                 "visible":true,
                 "width":200,
                 "x":10108.3636363636,
                 "y":6600.60606060606
                }, 
                {
                 "gid":8,
                 "height":200,
                 "id":265,
                 "name":"",
                 "properties":[
                        {
                         "name":"color",
                         "type":"string",
                         "value":"Black"
                        }, 
                        {
                         "name":"id",
                         "type":"int",
                         "value":0
                        }, 
                        {
                         "name":"rotation",
                         "type":"int",
                         "value":0
                        }],
                 "rotation":0,
                 "type":"",
                 "visible":true,
                 "width":200,
                 "x":4600,
                 "y":6602
                }, 
                {
                 "gid":3,
                 "height":200,
                 "id":266,
                 "name":"",
                 "properties":[
                        {
                         "name":"color",
                         "type":"string",
                         "value":"White"
                        }, 
                        {
                         "name":"id",
                         "type":"int",
                         "value":0
                        }, 
                        {
                         "name":"rotation",
                         "type":"int",
                         "value":0
                        }],
                 "rotation":0,
                 "type":"",
                 "visible":true,
                 "width":200,
                 "x":4670,
                 "y":6600
                }],
         "opacity":1,
         "type":"objectgroup",
         "visible":true,
         "x":0,
         "y":0
        }, 
        {
         "draworder":"topdown",
         "id":6,
         "name":"Pentagone",
         "objects":[],
         "opacity":1,
         "type":"objectgroup",
         "visible":true,
         "x":0,
         "y":0
        }, 
        {
         "draworder":"topdown",
         "id":7,
         "name":"Triangle",
         "objects":[],
         "opacity":1,
         "type":"objectgroup",
         "visible":true,
         "x":0,
         "y":0
        }, 
        {
         "draworder":"topdown",
         "id":10,
         "name":"End",
         "objects":[
                {
                 "gid":14,
                 "height":200,
                 "id":264,
                 "name":"",
                 "properties":[
                        {
                         "name":"celluleMere",
                         "type":"bool",
                         "value":true
                        }, 
                        {
                         "name":"color",
                         "type":"string",
                         "value":"Black"
                        }],
                 "rotation":0,
                 "type":"",
                 "visible":true,
                 "width":200,
                 "x":1200,
                 "y":6600
                }],
         "opacity":1,
         "type":"objectgroup",
         "visible":true,
         "x":0,
         "y":0
        }],
 "nextlayerid":12,
 "nextobjectid":267,
 "orientation":"orthogonal",
 "renderorder":"right-down",
 "tiledversion":"1.6.0",
 "tileheight":200,
 "tilesets":[
        {
         "columns":5,
         "firstgid":1,
         "image":"..\/..\/..\/..\/GravitonEdouard\/V1.1\/assets\/Tiled\/tileSet.png",
         "imageheight":1000,
         "imagewidth":1000,
         "margin":0,
         "name":"tileSet",
         "spacing":0,
         "tilecount":25,
         "tileheight":200,
         "tilewidth":200
        }],
 "tilewidth":200,
 "type":"map",
 "version":"1.6",
 "width":70
}