{ "compressionlevel":-1,
 "editorsettings":
    {
     "export":
        {
         "format":"json",
         "target":"Level3.json"
        }
    },
 "height":50,
 "infinite":false,
 "layers":[
        {
         "draworder":"topdown",
         "id":2,
         "name":"fleches",
         "objects":[],
         "opacity":1,
         "type":"objectgroup",
         "visible":true,
         "x":0,
         "y":0
        }, 
        {
         "draworder":"topdown",
         "id":10,
         "name":"Touche",
         "objects":[],
         "opacity":1,
         "type":"objectgroup",
         "visible":true,
         "x":0,
         "y":0
        }, 
        {
         "draworder":"topdown",
         "id":3,
         "name":"Octogone",
         "objects":[
                {
                 "gid":1,
                 "height":200,
                 "id":40,
                 "name":"",
                 "properties":[
                        {
                         "name":"color",
                         "type":"string",
                         "value":"White"
                        }, 
                        {
                         "name":"orientation",
                         "type":"float",
                         "value":3.5
                        }, 
                        {
                         "name":"spawnCamera",
                         "type":"bool",
                         "value":true
                        }],
                 "rotation":0,
                 "type":"",
                 "visible":true,
                 "width":200,
                 "x":400,
                 "y":7000
                }, 
                {
                 "gid":1,
                 "height":200,
                 "id":46,
                 "name":"",
                 "properties":[
                        {
                         "name":"color",
                         "type":"string",
                         "value":"White"
                        }],
                 "rotation":0,
                 "type":"",
                 "visible":true,
                 "width":200,
                 "x":1000,
                 "y":8000
                }, 
                {
                 "gid":1,
                 "height":200,
                 "id":47,
                 "name":"",
                 "properties":[
                        {
                         "name":"color",
                         "type":"string",
                         "value":"White"
                        }],
                 "rotation":0,
                 "type":"",
                 "visible":true,
                 "width":200,
                 "x":1000,
                 "y":6000
                }, 
                {
                 "gid":1,
                 "height":200,
                 "id":49,
                 "name":"",
                 "properties":[
                        {
                         "name":"color",
                         "type":"string",
                         "value":"White"
                        }, 
                        {
                         "name":"orientation",
                         "type":"int",
                         "value":0
                        }, 
                        {
                         "name":"scroll",
                         "type":"int",
                         "value":1
                        }, 
                        {
                         "name":"trans",
                         "type":"bool",
                         "value":true
                        }],
                 "rotation":0,
                 "type":"",
                 "visible":true,
                 "width":200,
                 "x":2402,
                 "y":7002
                }, 
                {
                 "gid":1,
                 "height":200,
                 "id":54,
                 "name":"",
                 "properties":[
                        {
                         "name":"color",
                         "type":"string",
                         "value":"White"
                        }, 
                        {
                         "name":"orientation",
                         "type":"int",
                         "value":3
                        }, 
                        {
                         "name":"scroll",
                         "type":"int",
                         "value":2
                        }, 
                        {
                         "name":"trans",
                         "type":"bool",
                         "value":true
                        }],
                 "rotation":0,
                 "type":"",
                 "visible":true,
                 "width":200,
                 "x":3616,
                 "y":6296
                }, 
                {
                 "gid":1,
                 "height":200,
                 "id":55,
                 "name":"",
                 "properties":[
                        {
                         "name":"color",
                         "type":"string",
                         "value":"White"
                        }, 
                        {
                         "name":"orientation",
                         "type":"int",
                         "value":3
                        }, 
                        {
                         "name":"scroll",
                         "type":"int",
                         "value":3
                        }, 
                        {
                         "name":"trans",
                         "type":"bool",
                         "value":true
                        }],
                 "rotation":0,
                 "type":"",
                 "visible":true,
                 "width":200,
                 "x":3600,
                 "y":5000
                }, 
                {
                 "gid":1,
                 "height":200,
                 "id":57,
                 "name":"",
                 "properties":[
                        {
                         "name":"color",
                         "type":"string",
                         "value":"White"
                        }],
                 "rotation":0,
                 "type":"",
                 "visible":true,
                 "width":200,
                 "x":4400,
                 "y":4200
                }, 
                {
                 "gid":1,
                 "height":200,
                 "id":60,
                 "name":"",
                 "properties":[
                        {
                         "name":"color",
                         "type":"string",
                         "value":"White"
                        }],
                 "rotation":0,
                 "type":"",
                 "visible":true,
                 "width":200,
                 "x":2400,
                 "y":8000
                }],
         "opacity":1,
         "type":"objectgroup",
         "visible":true,
         "x":0,
         "y":0
        }, 
        {
         "draworder":"topdown",
         "id":4,
         "name":"Barriere",
         "objects":[],
         "opacity":1,
         "type":"objectgroup",
         "visible":true,
         "x":0,
         "y":0
        }, 
        {
         "draworder":"topdown",
         "id":5,
         "name":"Rebond",
         "objects":[
                {
                 "gid":5,
                 "height":200,
                 "id":44,
                 "name":"",
                 "properties":[
                        {
                         "name":"color",
                         "type":"string",
                         "value":"White"
                        }],
                 "rotation":0,
                 "type":"",
                 "visible":true,
                 "width":200,
                 "x":292.848484848485,
                 "y":5823.0303030303
                }, 
                {
                 "gid":5,
                 "height":200,
                 "id":45,
                 "name":"",
                 "properties":[
                        {
                         "name":"color",
                         "type":"string",
                         "value":"White"
                        }],
                 "rotation":0,
                 "type":"",
                 "visible":true,
                 "width":200,
                 "x":285.69696969697,
                 "y":8168.60606060606
                }, 
                {
                 "gid":5,
                 "height":200,
                 "id":48,
                 "name":"",
                 "properties":[
                        {
                         "name":"color",
                         "type":"string",
                         "value":"White"
                        }],
                 "rotation":0,
                 "type":"",
                 "visible":true,
                 "width":200,
                 "x":2510,
                 "y":5826
                }, 
                {
                 "gid":5,
                 "height":200,
                 "id":51,
                 "name":"",
                 "properties":[
                        {
                         "name":"color",
                         "type":"string",
                         "value":"White"
                        }],
                 "rotation":0,
                 "type":"",
                 "visible":true,
                 "width":200,
                 "x":3726,
                 "y":7190
                }, 
                {
                 "gid":5,
                 "height":200,
                 "id":52,
                 "name":"",
                 "properties":[
                        {
                         "name":"color",
                         "type":"string",
                         "value":"White"
                        }],
                 "rotation":0,
                 "type":"",
                 "visible":true,
                 "width":200,
                 "x":1681.81818181818,
                 "y":7006.06060606061
                }, 
                {
                 "gid":5,
                 "height":200,
                 "id":56,
                 "name":"",
                 "rotation":0,
                 "type":"",
                 "visible":true,
                 "width":200,
                 "x":4400,
                 "y":5600
                }, 
                {
                 "gid":5,
                 "height":200,
                 "id":59,
                 "name":"",
                 "rotation":0,
                 "type":"",
                 "visible":true,
                 "width":200,
                 "x":3492,
                 "y":4028
                }],
         "opacity":1,
         "type":"objectgroup",
         "visible":true,
         "x":0,
         "y":0
        }, 
        {
         "draworder":"topdown",
         "id":6,
         "name":"Pentagone",
         "objects":[],
         "opacity":1,
         "type":"objectgroup",
         "visible":true,
         "x":0,
         "y":0
        }, 
        {
         "draworder":"topdown",
         "id":7,
         "name":"Triangle",
         "objects":[],
         "opacity":1,
         "type":"objectgroup",
         "visible":true,
         "x":0,
         "y":0
        }, 
        {
         "draworder":"topdown",
         "id":8,
         "name":"End",
         "objects":[
                {
                 "gid":14,
                 "height":200,
                 "id":58,
                 "name":"",
                 "properties":[
                        {
                         "name":"color",
                         "type":"string",
                         "value":"White"
                        }, 
                        {
                         "name":"end",
                         "type":"bool",
                         "value":true
                        }],
                 "rotation":0,
                 "type":"",
                 "visible":true,
                 "width":200,
                 "x":5696,
                 "y":4224
                }],
         "opacity":1,
         "type":"objectgroup",
         "visible":true,
         "x":0,
         "y":0
        }],
 "nextlayerid":11,
 "nextobjectid":61,
 "orientation":"orthogonal",
 "renderorder":"right-down",
 "tiledversion":"1.6.0",
 "tileheight":200,
 "tilesets":[
        {
         "columns":5,
         "firstgid":1,
         "image":"tileSet.png",
         "imageheight":1000,
         "imagewidth":1000,
         "margin":0,
         "name":"tileSet",
         "spacing":0,
         "tilecount":25,
         "tileheight":200,
         "tiles":[
                {
                 "id":8,
                 "properties":[
                        {
                         "name":"color",
                         "type":"string",
                         "value":"White"
                        }, 
                        {
                         "name":"rotation",
                         "type":"int",
                         "value":135
                        }]
                }],
         "tilewidth":200
        }],
 "tilewidth":200,
 "type":"map",
 "version":"1.6",
 "width":50
}