{ "compressionlevel":-1,
 "editorsettings":
    {
     "export":
        {
         "format":"json",
         "target":"Stages.json"
        }
    },
 "height":10,
 "infinite":false,
 "layers":[
        {
         "draworder":"topdown",
         "id":3,
         "name":"Boutons",
         "objects":[
                {
                 "gid":1,
                 "height":36,
                 "id":1,
                 "name":"",
                 "properties":[
                        {
                         "name":"nom",
                         "type":"int",
                         "value":1
                        }],
                 "rotation":0,
                 "type":"",
                 "visible":true,
                 "width":36,
                 "x":0,
                 "y":108
                }, 
                {
                 "gid":1,
                 "height":36,
                 "id":2,
                 "name":"",
                 "properties":[
                        {
                         "name":"nom",
                         "type":"int",
                         "value":2
                        }],
                 "rotation":0,
                 "type":"",
                 "visible":true,
                 "width":36,
                 "x":144,
                 "y":108
                }, 
                {
                 "gid":1,
                 "height":36,
                 "id":3,
                 "name":"",
                 "properties":[
                        {
                         "name":"nom",
                         "type":"int",
                         "value":3
                        }],
                 "rotation":0,
                 "type":"",
                 "visible":true,
                 "width":36,
                 "x":288,
                 "y":108
                }, 
                {
                 "gid":1,
                 "height":36,
                 "id":4,
                 "name":"",
                 "properties":[
                        {
                         "name":"nom",
                         "type":"int",
                         "value":4
                        }],
                 "rotation":0,
                 "type":"",
                 "visible":true,
                 "width":36,
                 "x":432,
                 "y":108
                }, 
                {
                 "gid":1,
                 "height":36,
                 "id":38,
                 "name":"",
                 "properties":[
                        {
                         "name":"nom",
                         "type":"int",
                         "value":5
                        }],
                 "rotation":0,
                 "type":"",
                 "visible":true,
                 "width":36,
                 "x":576,
                 "y":108
                }],
         "opacity":1,
         "type":"objectgroup",
         "visible":true,
         "x":0,
         "y":0
        }],
 "nextlayerid":5,
 "nextobjectid":39,
 "orientation":"orthogonal",
 "renderorder":"right-down",
 "tiledversion":"1.6.0",
 "tileheight":36,
 "tilesets":[
        {
         "columns":3,
         "firstgid":1,
         "image":"stageTileset.png",
         "imageheight":36,
         "imagewidth":108,
         "margin":0,
         "name":"stageTileset",
         "spacing":0,
         "tilecount":3,
         "tileheight":36,
         "tilewidth":36
        }],
 "tilewidth":36,
 "type":"map",
 "version":"1.6",
 "width":40
}